originalIndex,timestamp,deltaSeconds,totalVotes,deltaVotes,voteShare trumpd,totalVotes trumpd,deltaVotes trumpd,deltaVoteShare trumpd,voteShare bidenj,totalVotes bidenj,deltaVotes bidenj,deltaVoteShare bidenj,voteShare other,totalVotes other,deltaVotes other,deltaVoteShare other
1,2020-11-04T07:47:41Z,-8043,113744,113744,0.605,68815.120,68815.120,0.605,0.352,40037.888,40037.888,0.352,0.043,4890.992,4890.992,0.043
2,2020-11-04T08:57:55Z,4214,132475,18731,0.614,81339.650,12524.530,0.669,0.347,45968.825,5930.937,0.317,0.039,5166.525,275.533,0.014
3,2020-11-04T18:34:58Z,34623,172031,39556,0.629,108207.499,26867.849,0.679,0.330,56770.230,10801.405,0.273,0.041,7053.271,1886.746,0.048
4,2020-11-09T19:09:13Z,434055,190970,18939,0.622,118783.340,10575.841,0.558,0.336,64165.920,7395.690,0.391,0.042,8020.740,967.469,0.051
